name,job
Karim1,Support N2
Karim2,Analyste
Khadija3,Support N2
Soukaina4,Ingenieur DevOps
Imane5,Support N2
Hiba6,Ingenieur DevOps
Omar7,Testeur QA
Soukaina8,Data engineer
Karim9,Ingenieur DevOps
Soukaina10,Testeur QA
Bilal11,Developpeur Java
Salma12,Testeur QA
Anas13,Analyste
Soukaina14,Testeur QA
Karim15,Architecte
Karim16,Analyste
Bilal17,Analyste
Hiba18,Support N2
Yassine19,Developpeur Java
Karim20,Chef de projet
Zineb21,Developpeur Java
Mehdi22,Architecte
Sara23,Chef de projet
Yassine24,Developpeur Java
Amine25,Developpeur Java
Ayoub26,Developpeur Java
Hiba27,Data engineer
Omar28,Testeur QA
Yassine29,Analyste
Anas30,Testeur QA
Meryem31,Data engineer
Ayoub32,Data engineer
Omar33,Analyste
Mehdi34,Architecte
Omar35,Chef de projet
Reda36,Testeur QA
Zineb37,Developpeur Java
Hamza38,Analyste
Imane39,Testeur QA
Salma40,Support N2
